H001,John Smith,1980-05-15,john.smith@email.com,1234567890
H002,Emma Johnson,1975-09-22,emma.johnson@email.com,2345678901
H003,Michael Brown,1982-03-10,michael.brown@email.com,3456789012
H004,Sarah Davis,1978-11-30,sarah.davis@email.com,4567890123
H005,David Wilson,1985-07-18,david.wilson@email.com,5678901234
H006,Lisa Anderson,1979-01-25,lisa.anderson@email.com,6789012345
H007,Robert Taylor,1983-06-12,robert.taylor@email.com,7890123456
H008,Jennifer White,1976-04-08,jennifer.white@email.com,8901234567
H009,William Lee,1981-08-20,william.lee@email.com,9012345678
H010,Karen Martin,1977-12-05,karen.martin@email.com,0123456789
H011,Thomas Clark,1984-02-14,thomas.clark@email.com,1234567891
H012,Nancy Rodriguez,1980-10-28,nancy.rodriguez@email.com,2345678902
H013,Daniel Lewis,1986-09-03,daniel.lewis@email.com,3456789013
H014,Patricia Hall,1979-07-17,patricia.hall@email.com,4567890124
H015,Joseph Allen,1982-05-21,joseph.allen@email.com,5678901235
H016,Mary Young,1978-03-09,mary.young@email.com,6789012346
H017,Christopher Scott,1983-11-11,christopher.scott@email.com,7890123457
H018,Linda King,1981-01-07,linda.king@email.com,8901234568
H019,Richard Wright,1977-08-23,richard.wright@email.com,9012345679
H020,Barbara Lopez,1985-06-29,barbara.lopez@email.com,0123456780
H021,Charles Green,1980-04-16,charles.green@email.com,1234567892
H022,Margaret Baker,1976-12-02,margaret.baker@email.com,2345678903
H023,Thomas Nelson,1984-10-19,thomas.nelson@email.com,3456789014
H024,Dorothy Carter,1979-02-26,dorothy.carter@email.com,4567890125
H025,Daniel Mitchell,1982-07-14,daniel.mitchell@email.com,5678901236
H026,Lisa Perez,1978-05-31,lisa.perez@email.com,6789012347
H027,Mark Roberts,1983-09-08,mark.roberts@email.com,7890123458
H028,Sandra Turner,1981-03-27,sandra.turner@email.com,8901234569
H029,George Phillips,1977-11-13,george.phillips@email.com,9012345670
H030,Donna Campbell,1985-01-04,donna.campbell@email.com,0123456781